id,name,phone_number
1,"Medhurst, Bode and Crooks",15139381495
2,"Prosacco, Rolfson and Dooley",18649693900
3,"Moore, Streich and Purdy",12807741378
4,Jast-Kling,10024573842
5,"Von, Osinski and Lemke",15992984424
6,"Kling, Hermiston and Friesen",16742340945
7,Wyman and Sons,17742418320
8,"Lockman, Kohler and Adams",16776694414
9,"Towne, Durgan and Yost",18678611161
10,West and Sons,10135664443
11,"Medhurst, Bahringer and Lubowitz",15297446952
12,Altenwerth and Sons,11607303920
13,"Huels, MacGyver and Greenfelder",15190726225
14,Turcotte and Sons,17916715297
15,"Abbott, Stehr and Waters",12612898248
16,Tremblay Group,13333193037
17,"Ferry, Schaefer and McClure",15325435909
18,Baumbach-Jaskolski,10732004111
19,Murazik-Pacocha,15534921798
20,Gottlieb and Sons,14003941638
21,O'Reilly LLC,11965321745
22,Gleichner-Gerlach,14907332705
23,"Mertz, Abernathy and Walter",14039805574
24,Ledner LLC,18793399600
25,Schultz Inc,16531245870
26,"Robel, Cormier and Blick",17850558732
27,Wisoky-Boyle,13352302727
28,Johns Group,14286402520
29,Effertz Group,13070922123
30,"Boyer, Keeling and Lemke",17433812783
31,Boyle LLC,17340239777
32,"Schmidt, Schiller and Torphy",19718344293
33,"Christiansen, Romaguera and Cormier",17165982144
34,Heaney-Torp,12307045261
35,"Jast, Kessler and Schultz",11886915797
36,"Franecki, Klein and McKenzie",16810847844
37,"Mayer, Jacobs and Reynolds",11300236858
38,Wintheiser-Sporer,18945858576
39,Torp-Dibbert,18839953123
40,"Ebert, Yost and Will",18945373775
41,"Walsh, Morissette and Windler",13890638046
42,Torp LLC,16982903273
43,Cormier-Pouros,17662645216
44,Block-Abshire,11393679488
45,O'Conner Group,17021796780
46,Blanda and Sons,14769243522
47,"Fay, Veum and Hoeger",19316841250
48,"Ullrich, Wisoky and Abernathy",15350033930
49,"O'Kon, Hudson and Hermiston",10003711564
50,Bashirian-Adams,14455682010
